Id,ORGANIZATION,NAME,GENDER,SPECIALITY,ADDRESS,CITY,STATE,ZIP,LAT,LON,ENCOUNTERS,PROCEDURES
3009ebde-ee83-3d84-ba8d-3b78656e3e58,74ab949d-17ac-3309-83a0-13b4405c66aa,Ted955 Reilly981,M,GENERAL PRACTICE,881 Main Street,Fitchburg,MA,01420,42.586487,-71.80521,372,0
b47eca62-7dc7-3002-8612-8a2f878438c8,588f6ce6-b8db-3588-8189-29db2680a313,Terence292 Brakus656,M,GENERAL PRACTICE,461 WALNUT AVE,JAMAICA PLAIN,MA,021302331,42.311587599999996,-71.09800136347226,28,0
59b4ba29-558d-3529-9c77-67ddee65a64f,faffaf6a-ee1a-3673-b0b0-421a9c249244,Jaunita130 Armstrong51,F,GENERAL PRACTICE,66 WASHINGTON ST,STOUGHTON,MA,020722571,42.14415820061801,-71.10378319512402,46,0
5fc4f4f2-fe7b-348a-9e8f-b1c25bf637ba,e09d4c49-c2ef-3b0f-9a46-3719d9219306,Jules135 Emard19,M,GENERAL PRACTICE,60 HOSPITAL RD,LEOMINSTER,MA,014533290,42.54031915,-71.76312990486304,263,0
41e6ebba-c2e9-3117-b9db-69c2036a7afa,77645e49-3f69-3d1d-bb93-dc65210e2fac,Vella930 Ankunding277,F,GENERAL PRACTICE,363 HIGHLAND AVE,FALL RIVER,MA,027205246,41.7093779,-71.1460783680883,134,0
85a3cd0d-bc64-3bf6-b5e0-80feb2dc84db,5becf220-2978-3f33-bd38-9326947f85de,Tijuana228 Leannon79,F,GENERAL PRACTICE,240 LYNNFIELD STREET,PEABODY,MA,019605055,42.5141736,-70.97106354209534,32,0
39b39892-d191-3f3c-9ebc-842b2ae132bb,ab701a70-a658-340e-8f69-ee196a7d40c6,Jolie499 Parisian75,F,GENERAL PRACTICE,484 RTE 134,WORCESTER,MA,016071728,42.2625621,-71.8018877,26,0
673cdeb1-ef30-37af-a603-6283fdde1246,11ba6a26-59b4-3728-a268-6dc9929962b4,Archie818 McCullough561,M,GENERAL PRACTICE,200 GOVERNORS AVENUE,MEDFORD,MA,021551644,42.42711615,-71.1121606632448,1,0
58775140-f4ae-38c2-a677-64f72ab04aec,71472d9b-aa5c-3b49-a5c3-d0eee8859015,Tyree261 Kutch271,M,GENERAL PRACTICE,118 WATERHOUSE RD STE C,BOURNE,MA,025328305,41.7281115,-70.5861571324252,63,0
01e1be05-1541-3ad8-b30d-7558ddb0987a,52ecddd8-42f6-35cc-88a5-cf474c02fb49,Cecil300 Fahey393,M,GENERAL PRACTICE,94 OBERY STREET,PLYMOUTH,MA,023602130,41.93725,-70.65503160208334,4,0
1d6eaf58-1a0f-38e4-b8cf-c8dfd555910e,05bcaa3e-aa5d-3b03-ba26-7e4d2e083681,Bok974 Howe413,F,GENERAL PRACTICE,1 LOVE LN,SOUTH DENNIS,MA,026603445,41.699084799999994,-70.13271830347861,9,0
f60ef4db-9c75-3b31-8ba3-2952ecc11db2,fa564970-fde4-332c-91d9-c0747b032d3e,Jeremy766 Hudson301,M,GENERAL PRACTICE,34 SOUTH LINCOLN STREET,NATICK,MA,017606049,42.2731232,-71.3105334275248,6,0
65dd6660-6e87-3ae2-ade2-c68af91664ad,b4359169-6bc8-3e93-9e0c-19c6bf518e58,Hallie315 Auer97,F,GENERAL PRACTICE,126 MONUMENT ST,HAVERHILL,MA,018322527,42.78715445,-71.10946686154523,1,0
c0bfce56-284a-33ff-a7b2-2a90fb530940,f945589f-88aa-366b-9e9d-2418d091112d,Azzie965 Ziemann98,F,GENERAL PRACTICE,105 ERDMAN WAY,LEOMINSTER,MA,014531805,42.54685255,-71.75737313871981,40,0
aa60c1fc-4cf7-3e55-a955-6d52bbaed9dd,bdc3ee76-9cf3-316d-b202-a8da1ea3fa20,Laverna97 Rippin620,F,GENERAL PRACTICE,130 RUMFORD AVENUE  SUITE 211,AUBURNDALE,MA,024661370,42.35853505,-71.24125521214887,3,0
cf85193e-5116-3d77-aced-b4b804f47ef4,5fcff9db-16e4-3e56-aa78-abbc16338097,Margene509 Schamberger479,F,GENERAL PRACTICE,295 VARNUM AVE,WESTFORD,MA,018863513,42.5792583,-71.4378411,90,0
cb5c068d-3c9a-3ba4-b654-896d74ca777c,fa09396a-2926-3b21-ad0c-9f6cabbce0eb,Moshe758 Bartoletti50,M,GENERAL PRACTICE,1210 BOSTON PROVIDENCE TPKE,NORWOOD,MA,020625061,42.1714075,-71.1951186,25,0
a3aa8c32-e8da-3bcc-9453-0eee94bccc7e,1ddd51d1-7297-3c3b-bad5-98aecd5e4a79,Derrick232 Kub800,M,GENERAL PRACTICE,127 CAMBRIDGE STREET  SUTIE #2B,BURLINGTON,MA,018033735,42.50188325,-71.19559351572005,4,0
2084721b-f9f0-3a00-b47a-733d47d3fad5,93c3d861-e05d-33b9-91eb-1768470229d7,Garret233 Thiel172,M,GENERAL PRACTICE,10 CENTENNIAL DR,PEABODY,MA,019607938,42.5261827,-70.9529896,99,0
51780b56-9462-36f4-a950-c3290720236c,c272e12f-e154-3fee-b05d-b7c0cab2657d,Shasta644 King743,F,GENERAL PRACTICE,800 WASHINGTON ST,NORWOOD,MA,020623487,42.1886973,-71.2005241,44,0
acb3646b-0ad3-3011-9066-dc27081f92ec,b66db758-a205-3227-9cfb-bf19d2c1962d,Eva64 Nevárez403,F,GENERAL PRACTICE,121 HARVARD AVENUE  2ND FL,ALLSTON,MA,021342702,42.35241825,-71.13220132573996,3,0
909af19d-5344-3a59-bcf4-d1709d7a3ed8,f549a720-814b-3dc6-ae77-6376a22564ee,Francisca486 Robles531,F,GENERAL PRACTICE,209 COUNTY RD,NORTH FALMOUTH,MA,02556,41.6459404,-70.6183639,2,0
5bd04c9c-f231-3b9b-b12e-990e4a121b95,32fcdfba-8c93-30f4-b15b-dd3b65c29deb,Jody426 Bernhard322,M,GENERAL PRACTICE,20 NORTH MAPLE STREET,HADLEY,MA,010359715,42.3615107,-72.55261320852942,60,0
4aa84ec9-a020-3af4-a963-afffc1db1780,0ddb0329-b59d-3187-874c-602c649249c8,Lynn917 Cassin499,F,GENERAL PRACTICE,115 W SILVER ST,WESTFIELD,MA,010853678,42.1178811,-72.75935246865802,25,0
cfc301fa-75ba-30a5-aa7b-609a1cc7be47,bff65303-97b4-3841-950a-1c9e9e735de0,Alline927 Schimmel440,F,GENERAL PRACTICE,100 AMITY ST,FALL RIVER,MA,027212202,41.6737661,-71.16934217317342,1,0
007f5615-13a4-3810-8c9c-d5d752263800,bf556284-7513-3620-a10e-5393183a9a87,Jesus702 Roob72,M,GENERAL PRACTICE,795 MIDDLE ST,FALL RIVER,MA,027211733,41.6924092,-71.16345107025307,95,0
87f52cd2-3cbd-302e-9bad-e0005bd514da,4ffa4412-1493-3beb-b8f0-6614dde953a4,Harland508 Ryan260,M,GENERAL PRACTICE,363 HIGHLAND AVENUE,WAREHAM,MA,025715011,41.745636,-70.658192,66,0
a3c5c0bb-9bfc-36ca-b86c-daf8633f8f9a,ede4a423-6258-3ef5-b5ba-0fa6bb579563,Pablo44 Paucek755,M,GENERAL PRACTICE,326 NICHOLS ROAD,FITCHBURG,MA,014205478,42.5974358,-71.80761197366103,11,0
25e0a6a6-a3d9-3454-b88e-b9ce7d3a5952,a14e698d-a9ba-3eae-9c8b-682ec726433d,Karla801 Cummerata161,F,GENERAL PRACTICE,776 WESTERN AVE,LYNN,MA,019052408,42.466763,-70.9494939,63,0
32b54e46-da6c-3178-9dfd-579852fffdb2,69eae27b-7445-3652-bd34-b535abe0b011,Sidney996 Schneider199,M,GENERAL PRACTICE,9 BICKNELL ST,QUINCY,MA,021696003,42.252227399999995,-70.96584679278924,39,0
2541c1c0-b6d6-393d-8fe3-78323047d8ce,5ba6765a-f335-36b0-9c6a-6bb494c5330d,Sasha806 Schamberger479,F,GENERAL PRACTICE,31 OLD ROUTE 7,WESTWOOD,MA,020902333,42.2139873,-71.2244987,67,0
f3713058-248b-3441-af51-745a678d926d,b6eeaaf7-1683-3bcb-b6ee-81ce304636ef,Ariane992 Pagac496,F,GENERAL PRACTICE,170 GOVERNORS AVE,MELROSE,MA,021763225,42.4564323,-71.064182,128,0
cc5c4427-6e2b-3976-998e-3aae27d4dad1,d613e441-68e8-3502-8adb-3f770a1276bf,Emmaline88 Witting912,F,GENERAL PRACTICE,114 WATER ST,MILFORD,MA,017573007,42.13661855,-71.53474614336832,134,0
ee7e977c-2cc5-3353-a6dd-0db71f06630d,d3085315-9893-34c7-8889-3a31dc17c2b0,Zachery872 Rau926,M,GENERAL PRACTICE,1428 MAIN ST STE 7,WALPOLE,MA,020811729,42.1325911,-71.2618886,131,0
721e4c7c-8628-3c4c-b51b-8d31c2952fa4,18061fd5-fda8-3e2d-87f0-0f3c87211bcc,Omer483 Koepp521,M,GENERAL PRACTICE,1493 CAMBRIDGE ST,SOMERVILLE,MA,021431408,42.3875968,-71.0994968,291,0
be7ac1ec-e909-3c3e-b0f8-125bd110b587,1faab3d1-2ae5-3110-8e5f-c65b92ca906d,Terri848 Ankunding277,F,GENERAL PRACTICE,29 LEWIS AVE,GREAT BARRINGTON,MA,012301713,42.19093125,-73.3715000043024,6,0
9e40dd73-04e9-3400-8019-43eee1669a22,76281d34-caff-30e0-8545-bcdf33182109,Jewell855 Schmeler639,M,GENERAL PRACTICE,500 WILBUR AVENUE,SOMERSET,MA,027252051,41.72075205,-71.16843052114558,13,0
dd6cddc0-c420-36d7-bb46-247745975c5f,b3ada130-6443-3a8e-98c7-4ec127a2b0c4,Ned189 Haley279,M,GENERAL PRACTICE,ONE GREAT ROAD,ACTON,MA,017205601,42.4850931,-71.43284,13,0
dbd7fe81-1bd8-3fd2-a235-5f68c809c6c5,1e11392b-1278-3e70-93cd-f396cbd0c265,Gerry91 Block661,F,GENERAL PRACTICE,115 LINCOLN ST,NATICK,MA,017607700,42.2843753,-71.3441395,597,0
8274bc5a-e988-346b-8d64-16cf81fcf0d7,6cf8a214-8d57-3267-85e5-7719e15cd63e,Cindie288 Zulauf375,F,GENERAL PRACTICE,170 MORTON STREET,JAMAICA PLAIN,MA,021303735,42.299067750000006,-71.10124351911541,8,0
9fec1c34-8a5b-3b0f-b86d-3a7aeb163a93,13161e5b-02d2-3d19-8b48-26ef0becfc83,Erasmo545 Crooks415,M,GENERAL PRACTICE,165 CAPTAIN'S ROW,CHELSEA,MA,021504019,42.3917638,-71.0328284,13,0
5ff997d4-026c-3c3a-9943-2b05925651d0,3c6efeb4-3e73-3d5a-9d45-8fbf9f389bed,Viola977 O'Kon634,F,GENERAL PRACTICE,40 WASHINGTON STREET SUITE 110,WELLESLEY HILLS,MA,024811802,42.2925555,-71.2956739,30,0
db4b036c-7076-3157-a0bd-7541e3f6f41c,0fedae9f-701f-3317-9b2f-69aea2202cdc,Willian804 Batz141,M,GENERAL PRACTICE,88 EAST NEWTON STREET,WINTHROP,MA,021522715,42.3750976,-70.982827,153,0
863ea79e-7e94-3adf-ab71-acaf3f3a0047,86bbc3aa-e927-3d56-9d77-ab701b4b2926,Tynisha348 Howe413,F,GENERAL PRACTICE,538 ROBESON STREET,FALL RIVER,MA,027205496,41.707225,-71.1432141111111,48,0
fcddeb8f-73e5-395a-86b0-6736daf4c309,9ab139f5-d278-31b4-b44e-feffdea65613,Shayla126 White193,F,GENERAL PRACTICE,88 ROUTE 6A 101,SANDWICH,MA,025631866,41.764922,-70.502215,12,0
8cde625a-bed8-3a10-83c6-6aac4f3b3962,0b5f4cda-f9ae-36a8-a94c-ffbf56f45236,Ardath226 Hodkiewicz467,F,GENERAL PRACTICE,210 MARKET ST,NORTH ANDOVER,MA,018451656,42.6839894,-71.1127065,2,0
1802512a-4f81-3b08-8956-ce03b30911bf,aade280a-3b90-3e48-9648-91109a964a63,Johna806 Klein929,F,GENERAL PRACTICE,909 SUMNER ST,DARTMOUTH,MA,027473826,41.6332267,-70.9879928,130,0
916c1278-3892-3190-864a-f90ec8a53af3,96e9e829-0b71-3ad3-8b41-60e25b5d47d7,Doyle959 Crooks415,M,GENERAL PRACTICE,111 ORIENT AVE,EAST BOSTON,MA,021281006,42.39055278090538,-71.00587148689957,1,0
c3d9b1c9-493d-3fc1-9a7d-ef850f94b95a,7a3b8310-02eb-3c47-aa1b-3f55b3ed9de9,Lauretta754 Dare640,F,GENERAL PRACTICE,6 HATFIELD ST,NORTHAMPTON,MA,010602545,42.333172950000005,-72.6566355591273,182,0
8458e151-fe5b-32fc-9322-bb025dfb1b28,794b1cc2-97be-30a4-83a0-4bf6add43c74,Ignacio928 Gurule738,M,GENERAL PRACTICE,215 THATCHER STREET,BROCKTON,MA,023023949,42.0740963,-70.99660306096918,5,0
5aca3ef5-83c5-3750-a691-ad1622e75aa4,440fa4b8-c731-3cf5-81d9-aa3f30a37b95,Joanna347 Abbott774,F,GENERAL PRACTICE,41 & 45 MALL ROAD,PEABODY,MA,019602901,42.5278731,-70.9286609,921,0
47e7470c-d803-323d-87c0-f475aca35c7d,ab074997-79db-3114-b6ac-5c21cda8ee3a,Todd315 Abernathy524,M,GENERAL PRACTICE,111 HEADWATERS DR,HARWICH,MA,026451028,41.705945549999996,-70.08904355,2,0
6801ccbd-1996-3ffa-adf1-1b1cb1a0a092,ce53c877-0290-390a-b4b4-2462001a1713,Greg949 Hilll811,M,GENERAL PRACTICE,847 ROGERS STREET  SUITE 201,LOWELL,MA,018524345,42.6275246,-71.27673639687623,8,0
4f17e426-ad44-34eb-9be3-b23307510c42,36705572-6b8a-337d-9d01-be1087ce4650,Valentine262 Corwin846,M,GENERAL PRACTICE,233 WINTHROP ST,TAUNTON,MA,027804428,41.89112605,-71.11254102062864,37,0
5f234b1e-64fb-3e92-a173-42a5b0a34592,34f0b10a-5e29-31de-a75e-e0bb03c0c0d4,Heath320 Leuschke194,M,GENERAL PRACTICE,56 COLPITTS RD,WESTON,MA,024931568,42.36610065,-71.3036759,28,0
4e70a41d-f6eb-39a4-a8d4-5755169fda49,57e4e5fa-d68d-3caa-a5ad-37beb1b51207,Latrina689 White193,F,GENERAL PRACTICE,800 WASHINGTON ST,NORWOOD,MA,020623487,42.1886973,-71.2005241,839,0
465575d5-6039-36d7-a26d-8ca10d1491b2,2befa435-3070-3350-a15c-e43ac1e84b24,Dee580 Schuster709,M,GENERAL PRACTICE,575 BEECH STREET,HOLYOKE,MA,010406604,42.20105435,-72.628169560868,14,0
e374b3cb-794a-3776-adf5-3d1c8cee7c64,ad82d624-72eb-3c7d-a76d-79f2668d1390,Georgianne697 Howe413,F,GENERAL PRACTICE,3 WOODLAND RD,STONEHAM,MA,021801711,42.452443099999996,-71.08939988105112,2,0
ed9b448b-1073-357c-99cc-cb4f1a1c898c,b8421363-9807-3b16-a146-95336eea5cfb,Saundra460 Kuphal363,F,GENERAL PRACTICE,30 LOCUST ST,NORTHAMPTON,MA,010602052,42.33032115,-72.65330802608176,2891,0
b9b079b5-1743-3b05-ae04-990618726e94,24460683-f514-37ef-98c1-724b2fc9aa2a,Dale454 Wilderman619,M,GENERAL PRACTICE,60 HODGES AVE,TAUNTON,MA,027803034,41.91158935,-71.10129620180315,38,0
37f6ef31-2183-3958-9306-b85526a81389,945104f1-4b95-3eed-bd02-5efa0afbf34d,Lauri399 Keebler762,F,GENERAL PRACTICE,20 CENTRAL AVE # 506,LYNN,MA,019011201,42.46410018181818,-70.9465129090909,5,0
4139d74e-f6f5-3ae1-b51f-a4260984c291,1563fcb4-76a9-3ea4-863d-e276f38b9b3e,Gerardo48 Viera553,M,GENERAL PRACTICE,700 ESSEX STREET,LAWRENCE,MA,018414396,42.7020708,-71.17231,18,0
c1418722-062d-31d1-b817-73de3b141d3f,fbd4ccdf-2fdb-3652-9bbe-1ccff886bd34,Tana168 Collins926,F,GENERAL PRACTICE,320 CENTRAL STREET  UNIT A2,SAUGUS,MA,019062372,42.4632069,-71.0093761,10,0
463ecd4a-e2e7-3fd4-ac45-f238f0b16ac3,901c2d40-1ca3-3879-9a20-c663b8adc0a9,Chanelle850 Schuster709,F,GENERAL PRACTICE,800 WASHINGTON STREET,STONEHAM,MA,021802445,42.4863168,-71.0928919,741,0
1eb336ed-0bdb-3fd7-bf2a-b4cbf171615f,7a75decf-7d3f-3b0d-8c2b-3abf0a8c7f58,Olin642 Kulas532,M,GENERAL PRACTICE,169 LIBERTY ST,MIDDLETON,MA,019491003,42.615226050000004,-71.0144865346162,107,0
f3dc4c6c-d54d-3bd6-bbf6-e31b3332838d,46a09a29-4bda-3572-89dd-5def154669ed,Julian715 Kiehn525,M,GENERAL PRACTICE,4901 N MAIN ST,FALL RIVER,MA,027202080,41.758923100000004,-71.11356439219409,1,0
99ffc124-2dc9-3682-917a-c66819bae125,b1965e0b-9ef4-3e96-bad6-cb88ea7e7324,Ana Luisa894 Benavídez820,F,GENERAL PRACTICE,1 HOSPITAL RD,OAK BLUFFS,MA,025571406,41.46063105,-70.57989080295974,21,0
211c6e6b-16ce-3904-ace4-68fb451a902f,27bf2e46-7445-35e7-9106-3ce1b074db47,Kathryn101 Donnelly343,F,GENERAL PRACTICE,80 BOSTON RD,NORTH BILLERICA,MA,018621034,42.5871093,-71.2948553,1,0
a563bcd4-b867-3de3-bd7e-f97cfbc08f4a,970993ce-f590-3150-9733-0e02c569b87f,Anthony633 Wilderman619,F,GENERAL PRACTICE,150 YORK ST,STOUGHTON,MA,020721829,42.144646800000004,-71.09875876961266,1,0
f6c4673e-c20b-30d0-971c-43e659f2bd13,200746fc-5d0f-3ec7-a2a9-3d9a219ee139,Arlen68 Rippin620,M,GENERAL PRACTICE,800 CUMMINGS PARK  SUITE 3100,WOBURN,MA,018016355,42.4977745,-71.1237712,10,0
5dfedada-95c2-35cb-800f-ccd7eaffcda9,810c33cd-83fe-36e9-8fe6-ef78eb2c6fb9,Brenton674 Hackett68,M,GENERAL PRACTICE,3 VISION DR,NATICK,MA,017602059,42.3026972,-71.35370110550767,1,0
59ea22dd-2d8d-3f19-90b2-112a849d3b16,66505876-04a4-3f6e-9aa8-7232ee43ab76,Iola859 Rodriguez71,F,GENERAL PRACTICE,548 ELM STREET,NORTHAMPTON,MA,010602832,42.327755,-72.657308,1,0
98545d17-02dd-31b8-8407-b07250a118a8,15d4c950-4691-3996-b4c4-bf06bfb58ff7,Alvin56 Crona259,M,GENERAL PRACTICE,70 EAST ST,METHUEN,MA,018445883,42.7285558,-71.16833738237946,237,0
f3dc34ee-5f06-3c88-bf9c-628110517977,655f2a4f-419c-39d3-8ed6-6c4117eb7e32,Gerardo48 Herzog843,M,GENERAL PRACTICE,21 MAIN ST,NORTH READING,MA,018641326,42.566971949999996,-71.10799861135133,34,0
aa8bb6a4-88cd-3503-9b42-c470544518c4,5018c664-e283-30eb-932a-529d9a19b3b5,Numbers230 Stehr398,M,GENERAL PRACTICE,300 SOUTH ST,WOBURN,MA,018014979,42.473347,-71.144086,114,0
944f61ef-11ea-328f-8c29-acd9de6fe08b,2e8b42f8-4300-30a9-a576-d513d1021a0a,Chris95 Haag279,M,GENERAL PRACTICE,600 CLARK RD,TEWKSBURY,MA,018761699,42.63120935,-71.27023603178071,29,0
cfa839ca-d3ec-37db-b753-1e132e82f384,d4e48a16-0a60-3e90-81e5-c35b22ffe6af,Bertram873 Kutch271,M,GENERAL PRACTICE,856 STATE RD,NORTH ADAMS,MA,012473027,42.69967208677275,-73.16330754755236,1,0
eb09bddf-f2a3-34ac-abf3-f186c6e7172c,4ff8b164-4cf5-3ab4-b0f2-7ce8fda920e5,Latrisha74 Mante251,F,GENERAL PRACTICE,800 WASHINGTON ST,WORCESTER,MA,016550002,42.180483,-71.867782,56,0
f14bbd74-858a-3673-8505-38d5efb7ef41,6f95a7a4-3343-3d14-b8b5-35d1e3247551,Tarra676 Bailey598,F,GENERAL PRACTICE,254 BILLERICA RD,CHELMSFORD,MA,018244114,42.5969934,-71.3233653623669,1,0
7fdd6ff6-9397-3e4f-aaf7-4340c8ab13b4,e39e92a8-2fde-314a-8fb1-8551218f03d9,Oliva247 Runolfsdottir785,F,GENERAL PRACTICE,60 EAST ST,METHUEN,MA,018444547,42.7265686,-71.16640139527428,70,0
e73ad2a5-7508-39df-9067-60d43d9adc9b,c58f91d8-cd19-30c4-9f61-4eb50ae5d837,Marlana402 Senger904,F,GENERAL PRACTICE,10 CENTER ST STE 209,LYNNFIELD,MA,019402663,42.5389836,-71.0481084,12,0
25ce946b-0f96-391b-ab9f-1e19643cb297,bccd7d67-203c-3d93-b6b0-bff5a146cd1d,Courtney281 Kihn564,M,GENERAL PRACTICE,286 WASHINGTON ST,STOUGHTON,MA,020721763,42.1384306,-71.1022598,5,0
1d8dcab5-077c-3e82-b270-98ab5025fdf8,4e880cb9-1ca0-3582-b8cf-8a59b0d2b878,Haywood675 Bednar518,M,GENERAL PRACTICE,51 S CHURCH ST,PITTSFIELD,MA,012016178,42.44648205,-73.25863241543368,36,0
085fb03f-bdbe-3120-95b3-62a4f8c33b35,a2a41caf-758f-3962-8e5f-e6e603f93d17,Rhett759 Padberg411,M,GENERAL PRACTICE,111 HUNTOON MEMORIAL HWY,ROCHDALE,MA,015421305,42.2020225,-71.89891616754682,150,0
c92d4ee9-0b94-3c88-b092-d397e0742acd,ca62a361-9c79-32d1-92cc-ffc0d5d19679,Benedict104 Barrows492,M,GENERAL PRACTICE,19 HENRY ST,SHARON,MA,020671714,42.109147300000004,-71.20768205338297,57,0
122bde4b-5c2a-3a6a-a644-35458b8e7fb2,0d24cc89-3256-330c-b36d-d8de8babef84,Delicia67 Bernhard322,F,GENERAL PRACTICE,1030 FALMOUTH RD,SOUTH YARMOUTH,MA,026641218,41.6667779,-70.1847414,500,0
9f3f17a1-06ac-3f30-a6cc-bda2ba1cd2bc,db28cc9a-fdfb-35a6-aef7-ab9b933ef244,Judy192 Gleason633,F,GENERAL PRACTICE,8 DANA STREET,CAMBRIDGE,MA,021385402,42.3694992,-71.11011030010101,16,0
49007818-ae22-3486-9b64-3be8730db148,844a8cb2-4164-35b2-88b8-dffa2889a738,Shemeka786 Conn188,F,GENERAL PRACTICE,150 UNIVERSITY DRIVE,AMHERST,MA,010022232,42.368937,-72.53247107203978,2,0
e5301c89-dcb5-3464-ab42-366a4bb1bca6,a6fb79e7-4abb-3a68-b62d-e501427fdca4,Barb55 Renner328,F,GENERAL PRACTICE,489 WASHINGTON ST STE 202,AUBURN,MA,015015709,42.187836,-71.83104,41,0
dc239479-550c-33db-83da-581efc9c0e13,52e42aa3-27fb-3298-a3ae-25529dfe6347,Kaley842 Mills423,F,GENERAL PRACTICE,85 BEAUMONT DR,NORTHBRIDGE,MA,015341093,42.15719035,-71.6521339767302,1,0
80aab804-2247-3cdb-9350-aa5f45a8c483,9d0e702d-50a0-3f4c-9126-0951d560fd4b,Otha286 Roberts511,M,GENERAL PRACTICE,189 MAY ST,WORCESTER,MA,016024339,42.25986305,-71.83597786023279,33,0
ad5600ee-4d85-32c8-8cae-3ed48a288dd8,81b1ef2b-8d3c-3923-859d-ae56099e037a,Lesley194 Bradtke547,M,GENERAL PRACTICE,19 VARNUM STREET,LOWELL,MA,018502132,42.6520846,-71.29979019978185,1,0
4ccf6b83-a124-380a-b189-c89d2176aa53,8bf5325a-c11b-35c4-b07d-17a5aeba8353,Rueben647 Okuneva707,M,GENERAL PRACTICE,815 WORCESTER STREET,SPRINGFIELD,MA,011511001,42.1018764,-72.5886727,13,0
e02324b3-2a36-3d56-affe-f1177d081be5,9d2a1656-0f4d-30d1-bc63-eb365a05529c,Lorene243 Ward668,F,GENERAL PRACTICE,235 N PEARL ST,BROCKTON,MA,023011794,42.09805395,-71.0609587194362,21,0
aac6ccfd-9009-374e-b83c-13bbb143ea55,eee00932-ca82-36bc-b7e8-e3fff6dbaeaa,Cira533 Hane680,F,GENERAL PRACTICE,450 BROOKLINE AVE,WEYMOUTH,MA,021893141,42.2212188,-70.9391625,60,0
6a4ac314-31dc-3217-9006-47d42abb333f,be509ccb-bfb7-3b87-8945-8426b689ef9d,Man114 Balistreri607,M,GENERAL PRACTICE,2049 DORCHESTER AVENUE,BOSTON,MA,021244742,42.3554334,-71.060511,7,0
3b5aba2d-c141-336f-85ad-ff8a6a12374a,065eba51-cef7-3976-8654-ba8e7df887ce,Gabriela205 Montes106,F,GENERAL PRACTICE,1165 NORTH PLEASANT STREET,AMHERST,MA,01002,42.40927615,-72.52971238527101,59,0
ff6d8efc-1ba6-3702-b3d2-6266e956e271,73c7eaf8-f8b3-383f-b3e1-4d8ff5ca255d,Mauro926 Bartell116,M,GENERAL PRACTICE,161 FALMOUTH RD,MASHPEE,MA,026492662,41.6314877,-70.46769809885944,1,0
fb4ffead-f9a0-3429-8dc2-881bf410a513,6873525f-1680-3ceb-b536-270d44b46e2e,Lai148 Nicolas769,F,GENERAL PRACTICE,500 COLUMBIA RD,DORCHESTER,MA,021252322,42.3147979,-71.067633,43,0
189d85a7-bdeb-3bb3-aa2e-f3fca6c28097,6c7fe370-02c4-3537-8f5e-373b2168b933,Charlesetta336 Swift555,F,GENERAL PRACTICE,60 HOSPITAL ROAD,LEOMINSTER,MA,014533791,42.54031915,-71.76312990486304,3,0
5255b97d-221f-3e64-8551-29b38609d004,da35b999-0af8-380e-9912-cd8b3bc09f53,Roland928 Hirthe744,M,GENERAL PRACTICE,50 REDFIELD ST,WORCESTER,MA,016081531,42.2625621,-71.8018877,39,0
0204f4ab-2d1a-3207-9afd-346f70db51bd,f8918a95-31e8-3ac4-8d12-29ca6080ebda,Domitila545 Vandervort697,F,GENERAL PRACTICE,199 REEDSDALE RD,MILTON,MA,021863926,42.251368299999996,-71.0768393856917,137,0
f485cbf6-f1cc-3310-81c5-f6f7f961271a,8d5880eb-1dd8-31ea-b7c5-21709f3bb341,Jared66 Satterfield305,M,GENERAL PRACTICE,50 ROWE ST,MELROSE,MA,021763201,42.4592093,-71.06078096379728,75,0
47d11685-270b-3a79-aa6c-4665c57de86f,3ff0f58b-7a1f-3334-9449-ff15f68b7d86,Crystle668 McCullough561,F,GENERAL PRACTICE,275 SANDWICH ST,PLYMOUTH,MA,023607761,41.94186605,-70.6455366462985,2,0
a47f7b7e-69eb-3c49-aa7c-32ca602bf8c2,70e3ad4f-b9ff-3f3e-9990-2cd7e23a9d1c,Zane918 Bosco882,M,GENERAL PRACTICE,1238 RIVERDALE ST,WEST SPRINGFIELD,MA,010894675,42.1373438,-72.62624707492338,1,0
e031bf87-2ad3-310d-b262-93eb16ecab51,80458ace-5754-39b0-807a-1a5b119cb5bb,Carlene772 Nolan344,F,GENERAL PRACTICE,11 PONTIAC AVE,WEBSTER,MA,015701629,42.06282535,-71.87016198711046,1,0
4c488bae-5a28-3898-947d-9ee054d08536,8ddbad9e-b5fc-3895-8a1c-17f32197a865,Robert854 Nicolas769,M,GENERAL PRACTICE,1455 MAIN STREET,CHATHAM,MA,026332083,41.6827332,-69.98755685244114,18,0
3086ee19-8d57-3b21-bf91-cdd8201c4dd0,b7488009-cd48-3a0d-87c4-6c47d1ceb3c8,Marielle507 Hayes766,F,GENERAL PRACTICE,95 COMMERCIAL STREET,BRAINTREE,MA,021844301,42.22110375,-70.97097247044559,1,0
ee35343b-f99c-301c-bc69-acd3ec6cee19,9d989fcf-4ad9-3972-ada3-f275d967781e,Cristi782 Miller503,F,GENERAL PRACTICE,100 TER HEUN DR,SANDWICH,MA,025632377,41.7579043,-70.4968152,125,0
f9094d40-fc12-39c5-b3c1-be21ed9e8494,92d919ab-8380-3fda-a5f1-838e69b819c1,Velda682 Gutmann970,F,GENERAL PRACTICE,300 TRADECENTER STE 4750,WOBURN,MA,018017420,42.4994143,-71.161659,41,0
f21c87b6-595b-3928-befb-24285f7aacb0,b69bccdc-5ad3-3ded-a018-3cd8f369c9d2,Wendell199 Ziemann98,M,GENERAL PRACTICE,120 S MAIN STREET,CENTERVILLE,MA,026323246,41.649898300000004,-70.34309844876677,9,0
6b75021e-627f-3b49-86c5-04fa5239230b,a2cc09de-c1e2-3126-8c09-d49f95225281,Cristi782 Leannon79,F,GENERAL PRACTICE,300 LONGWOOD AVE,WALTHAM,MA,024532741,42.3756401,-71.2358004,78,0
b3dd1f32-a734-34b5-b52d-5073d3da6d2f,9f2f60a6-87a4-3f45-b753-b63b5b7e9993,Maricruz991 Considine820,F,GENERAL PRACTICE,332 HANOVER STREET,BOSTON,MA,021131901,42.3647421,-71.0536619,54,0
e3b9dbd1-4cf5-36b2-a77c-74b47e4d89ef,f341c366-8313-3790-ab26-d8d27b116ff5,Odell776 Greenholt190,F,GENERAL PRACTICE,80 LINCOLN STREET,WALTHAM,MA,024535465,42.39322121170625,-71.24104146434591,29,0
07ad50cb-39ed-3289-9d75-ba1b89a0a50b,0519b293-2e92-3eb3-aeef-233da0babc93,Joslyn677 Friesen796,F,GENERAL PRACTICE,40 PARKHURST ROAD,CHELMSFORD,MA,018241511,42.6198215,-71.36189212971482,2,0
6893d733-efde-33dc-aec2-2f1b6a2c5fe5,82248deb-13cc-31b2-8764-0233e159a93a,Hank686 Kemmer137,M,GENERAL PRACTICE,19 DEPOT STREET,ADAMS,MA,012201856,42.623644600000006,-73.11852130252683,52,0
25dc4d9e-f45a-3fc5-9271-dc24733db6dd,5a6fa8a5-90e2-3f70-bb3e-3d9dd7ad2f96,Myrle831 D'Amore443,F,GENERAL PRACTICE,44 NEW LOMBARD RD,CHICOPEE,MA,010204857,42.1678446,-72.54203576723424,1,0
8f3b9e5d-8036-3aad-8e77-7bbbb88a80c8,ce4d0501-49eb-396a-bc56-545fdfc624b0,Bea654 Daniel959,F,GENERAL PRACTICE,1 HOSPITAL RD,OAK BLUFFS,MA,025571406,41.46063105,-70.57989080295974,11,0
1784f93c-d64e-38e3-af31-8bde3b2d6c6a,70e943de-a18b-3e03-a204-ecca2f01b6d1,Joshua658 Wolf938,M,GENERAL PRACTICE,76 NORTH MAIN STREET,WEST BOYLSTON,MA,015831130,42.393642299999996,-71.79207534741954,3,0
8cacc688-1f11-3691-ba36-90f213a11fb0,e69e7cbb-8362-30d1-83f2-3a0c492fe2b1,Chris95 Kub800,F,GENERAL PRACTICE,110 LONG POND RD,PLYMOUTH,MA,023602642,41.9255829,-70.65514326847389,33,0
47b14413-90c0-3b4d-aa0f-a886a0819f47,1ef8d603-bec1-35f5-a830-2a0b919cf47f,Thresa531 Kutch271,F,GENERAL PRACTICE,1801 TURNPIKE STREET,NORTH ANDOVER,MA,018456322,42.6355548,-71.0761760490546,15,0
098e1354-a224-3a82-8a66-3b1026f947e0,9e469108-97a0-350a-b6ba-be2a286b3dcc,Tereasa291 Mueller846,F,GENERAL PRACTICE,150 FLANDERS RD,WESTBOROUGH,MA,015811017,42.2770724,-71.5679154706427,134,0
50bc6a51-ccc1-3535-b754-4604b4553e94,06cc2462-430f-3322-9c87-7e971125f510,Bryon392 Mann644,M,GENERAL PRACTICE,133 OLD ROAD TO 9 ACRE COR,WESTFORD,MA,018863198,42.5792583,-71.4378411,50,0
ef899058-9c57-3bbd-9dad-e4620af8f928,4932efc0-a23f-3f57-803e-554caa6ae7a8,Lucas404 Nitzsche158,M,GENERAL PRACTICE,2446 HIGHLAND AVE,FALL RIVER,MA,027204504,41.73521465,-71.12778915697172,1,0
57ef8129-2ed9-3922-a231-a0c221457b5b,dd456e39-9f82-303b-9c3f-5db0e82a437e,Victor265 Conn188,F,GENERAL PRACTICE,26 QUEEN ST,WORCESTER,MA,016102473,42.25930925,-71.81494729825698,16,0
acd6d07c-2b76-3dec-94a1-3f2ddb35ecdf,8e1aab52-fc16-3b51-ac7b-30379ebf5630,Maria750 Durgan499,M,GENERAL PRACTICE,168 INDUSTRIAL DR,NORTHAMPTON,MA,010602379,42.335726,-72.63284732269418,30,0
22ae92ae-29c7-3d31-b626-84f83995331e,907b1d2f-2bf8-31b5-abc2-14d6b75faa96,Ellis535 Ernser583,M,GENERAL PRACTICE,340 MAPLE ST,MARLBOROUGH,MA,017523200,42.3358161,-71.54106510218209,11,0
4c4b106c-f20a-3eea-aa8f-253ed4959af2,1ce0d1a3-b507-3ad1-afc5-b25bfe48b8dc,Margarito178 Welch179,M,GENERAL PRACTICE,10 PEARL STREET,STOUGHTON,MA,020722364,42.125716800000006,-71.1025481568314,6,0
3615db20-d844-3359-941b-6f5ef97d79f7,880fad59-9c38-3a21-a39f-ccc801502ab3,Halina47 Pollich983,F,GENERAL PRACTICE,799 CONCORD AVENUE,CAMBRIDGE,MA,021381048,42.390849395521705,-71.1556550001627,6,0
884941ea-bfbe-3ab1-80f9-4b7e4c55ed83,34f7bdc0-0550-333e-a53f-5e2af5a6d4ec,Mable471 Kreiger457,F,GENERAL PRACTICE,212 S MEADOW RD UNIT 5C,PLYMOUTH,MA,023605450,41.9426657,-70.7618592,41,0
cbea0bba-0bc8-3e60-8578-6cb759f13583,e34d8448-8b98-3f91-9fe7-faeb8a78e1db,Gordon377 Monahan736,M,GENERAL PRACTICE,NEW ENGLAND SINAI HOSPITAL,MILTON,MA,021862377,42.2501425,-71.065573,20,0
88a3be67-e45f-3381-8139-41a1fc9dc3f1,a2d45ee8-b930-3169-b612-f602961ad212,Florance664 Leannon79,F,GENERAL PRACTICE,37 MINUTEMAN WAY,SHREWSBURY,MA,015452229,42.288207,-71.73443816915585,81,0
67313b4e-c3f5-3d67-bde3-fa9780859434,4887dc20-9ef6-3cc2-9c56-858388049a50,Kimberlie352 Kertzmann286,F,GENERAL PRACTICE,168 WEST CENTRAL STREET,NATICK,MA,017604122,42.282113100000004,-71.37898579435048,8,0
6054c67f-867c-323d-915b-2e37f6b61aa6,fb4a08b8-57ee-382b-b3cb-43d94f1bb4c0,Jude172 Hammes673,M,GENERAL PRACTICE,1010 SOUTH MAIN STREET,FALL RIVER,MA,027242855,41.690775450000004,-71.16515282264554,50,0
f144c73c-a536-35fc-8737-3c2c65c70591,d0894f6b-78d7-338d-82ad-b63de4d40014,Dewayne363 Lemke654,M,GENERAL PRACTICE,330 MOUNT AUBURN STREET,WALTHAM,MA,02452,42.3756401,-71.2358004,147,0
440a878b-c62f-3c13-a2ed-c7eed12d7fe7,3d5fbf38-c781-3e04-8c7e-5a402611b7d4,Enriqueta274 Barton704,F,GENERAL PRACTICE,260 ELM ST,SOMERVILLE,MA,021442951,42.3955992,-71.1227391,28,0
ada8489d-3c85-3bb4-816e-dc2bdd941377,f43f97f2-af04-3ed0-a42e-3681718cc9b2,Jacques50 Quigley282,M,GENERAL PRACTICE,725 NORTH ST,PITTSFIELD,MA,012014109,42.4600752,-73.2492795834909,1,0
fd81dba5-2324-34a0-90d5-df65f4c69f97,03c5769d-b185-35ee-b563-9e651cff95bc,Delbert384 Rohan584,M,GENERAL PRACTICE,807 WILBRAHAM RD,SPRINGFIELD,MA,011092067,42.1108434,-72.5341133,1,0
902f785b-bf0b-3653-beff-737a2da274e8,7ac466c6-7968-33fd-882c-6d5418f88c8a,Alvin56 Hayes766,M,GENERAL PRACTICE,2 MEETING HOUSE RD,CHELMSFORD,MA,018242700,42.60140085,-71.35097894451894,117,0
af1aba1e-220f-34d0-b68d-07ecccf30538,15c0c270-968e-3651-8afe-e162149e5e3e,Elias404 Kohler843,M,GENERAL PRACTICE,10 George Street  Gateway Center,Lowell,MA,01852,42.642513,-71.3062,626,0
741fd7ae-822b-3330-b125-2b5d0476722d,19439108-9835-38fe-8ee2-1226a355cfba,Anderson154 Kunze215,M,GENERAL PRACTICE,694 WORCESTER RD,WELLESLEY,MA,024822837,42.2964859,-71.2925571,11,0
07ff91c0-d3b4-377e-b03f-f4d2e251f3a5,aaa0fec8-a112-35c1-81d8-20cba5d2d00e,Tia76 Shields502,F,GENERAL PRACTICE,80 DEACONESS RD,CONCORD,MA,017424168,42.451360756038156,-71.37688541994147,1,0
0fce6e53-8d5c-3098-8e26-08baecc7c792,2c2e6afc-9578-3ba5-bb12-eed97d3a823b,Sunni15 Schroeder447,F,GENERAL PRACTICE,405 RIVER ST,MATTAPAN,MA,021262210,42.2699017,-71.09061872585616,1,0
706bacfd-467f-33f3-a39a-f28dc05d1011,8ce066ae-10ad-3679-9272-387e8cb21947,Dane516 Tromp100,M,GENERAL PRACTICE,3 CHERRY ST,NEWBURYPORT,MA,019503928,42.80038345,-70.87664535540449,23,0
de86d8f2-4cde-3abe-82d6-c130121f3ed0,936ceb96-2b12-371f-aa68-ee02a9c06f4c,Alan320 Keeling57,M,GENERAL PRACTICE,225 BOSTON ST,LYNN,MA,019043124,42.470497449999996,-70.96003668151566,28,0
248a1fc3-5aa7-3e9f-acf5-9b0d263e7e0d,5d0d1d11-dd8a-3d28-b029-93062b6798a5,Tamika537 Flatley871,F,GENERAL PRACTICE,378 PLANTATION STREET,WORCESTER,MA,016052324,42.27966095,-71.7626143755108,4,0
b7937f89-8979-3416-80fd-39a6c72969c1,2cea5ce8-beca-3593-ad2d-07b6f273a9d2,Emilee283 Halvorson124,F,GENERAL PRACTICE,201 S MAIN ST,ATHOL,MA,013312131,42.5913877,-72.24248995154954,17,0
9768c514-14da-3fcb-93eb-e03bbe5a47ef,48a6d3ab-50ef-349e-8945-2558a78f378e,Mercy752 Kuhlman484,F,GENERAL PRACTICE,795 MIDDLE ST,SWANSEA,MA,027774114,41.730919,-71.208117,103,0
470b04fb-0c5d-3392-a64e-72d6443dce2e,cabc0f0d-dcca-34a2-bc6b-519ed1cc7f74,Elicia233 Huels583,F,GENERAL PRACTICE,191 MERRIMACK ST STE 712,HAVERHILL,MA,018306199,42.7742236,-71.08181133783422,23,0
658207ee-c241-31ec-8e10-98b4328b03bd,7b7ce654-a413-37d1-9d34-97240c0ac580,Landon622 Kihn564,M,GENERAL PRACTICE,1 WRENTHAM ST,BELLINGHAM,MA,020192532,42.025037350000005,-71.48945118224057,14,0
05ab0058-28dd-3e09-9d76-0d5b12980709,7b20d1c4-c56b-3647-801c-5e4e13679073,Riley817 Prohaska837,M,GENERAL PRACTICE,275 SANDWICH ST,PLYMOUTH,MA,023602183,41.94186605,-70.6455366462985,30,0
a5f432cb-fd8a-3f01-952e-2ba8bb1f7cf5,281525ef-5743-34a8-9339-66c8b4be6668,Dane516 Crona259,M,GENERAL PRACTICE,555 PLANTATION STREET,WORCESTER,MA,016052376,42.2907683,-71.7649752,1,0
a1abe422-625e-3ddb-b2ad-44858c921815,3e97ce4f-3ad7-3cea-883f-e2bb4ca89d83,José3 Cedillo160,M,GENERAL PRACTICE,30 NEW CROSSING RD,READING,MA,018673270,42.51809619399502,-71.0959083715027,46,0
9ddc4c6d-0507-31ef-91b3-5a257aa5ec8d,46daa26f-fda5-38a9-9c45-fda430d28fa6,Caryl47 Bernier607,F,GENERAL PRACTICE,25 RAILROAD SQUARE  SUITE 501,HAVERHILL,MA,018325721,42.7736752,-71.08561759491305,11,0
46686d85-d56f-37b5-93c9-4f821bc08497,c0132cf6-1703-3aad-89b4-cc2f2bbc123e,Neville893 Schoen8,M,GENERAL PRACTICE,66 NEWTON STREET,WALTHAM,MA,024536058,42.3746705,-71.22789736306842,1,0
0bc9236d-aaea-3598-8068-b34ad09cf744,d5920b72-ac1a-3ec4-81ca-e3b75cb7aadd,Merrilee429 Daugherty69,F,GENERAL PRACTICE,251 Causeway St.,Boston,MA,02114,42.3665,-71.05931,680,0
6f57fb21-a92d-3bec-bff8-650701b5d92c,4f59f709-8b84-3d27-a04b-c6b7b5544413,Natividad796 Davis923,F,GENERAL PRACTICE,70 BOLTWOOD WALK,AMHERST,MA,010022271,42.3768779,-72.51840280783739,418,0
4ef563cc-c612-33da-96c9-549667b2fe75,c4e5b33c-17b8-3f51-a8ba-a327d54e642a,Alton320 Dibbert990,M,GENERAL PRACTICE,94 N ELM ST,WESTFIELD,MA,010852917,42.1322823,-72.7436679,30,0
4ec7e2d4-938b-3bfd-b140-51a785220d82,36d328a2-68bb-3967-a9bf-00897a7c945f,Jettie913 Rodriguez71,F,GENERAL PRACTICE,299 WAREHAM STREET,MIDDLEBORO,MA,023462905,41.869676,-70.873384,5,0
f69ed95c-9018-359b-b8a5-74129196a29e,a079d416-e8fe-3286-8ef3-6d289d7b5ad9,Rosa195 Arias66,F,GENERAL PRACTICE,233 Stevens St,Hyannis,MA,02601,41.651745,-70.294235,422,0
db17bf50-43d3-38f8-959a-56e8d042d3c2,79d49935-bcc0-36ca-920b-45365c367438,Sherita708 Hudson301,F,GENERAL PRACTICE,409 W BROADWAY,SOUTH BOSTON,MA,021272245,42.336831,-71.047958,48,0
46a96a71-767f-3696-8e0e-fae9c601bf51,0f2c58ec-5323-3c0f-9bdf-af0df7eb2a2b,Owen89 Boehm581,M,GENERAL PRACTICE,130 DORCHESTER STREET,SOUTH BOSTON,MA,021272642,42.3334312,-71.0494949,5,0
45e25cd6-45d6-39ab-a825-fd043e1c1741,680532c8-2661-3b39-875a-b6ec0746ccf5,Jolyn4 Dach178,F,GENERAL PRACTICE,30 ATHOL ST,ALLSTON,MA,021341124,42.36075595,-71.13397379082869,44,0
00774245-e93d-3c2c-9852-73ab96e824ba,cc400ddc-c38d-3604-8d89-cea21555719f,Irene779 Kirlin939,F,GENERAL PRACTICE,87 CHESTNUT ST,NATICK,MA,017603644,42.293559188306446,-71.35158050924959,108,0
f36f0185-9448-3c4a-b656-0ed46a34b051,06376cbe-4880-384b-b459-7ce3eef36ced,Cody889 Ratke343,F,GENERAL PRACTICE,387 QUARRY ST,FALL RIVER,MA,027231026,41.6932713,-71.1402431739568,70,0
5ec28fc7-fe78-3003-b9e5-d57882210210,b3312a2d-37e9-35a8-b50d-6c165c437baa,Lorretta561 Reinger292,F,GENERAL PRACTICE,45 DIMOCK ST,ROXBURY,MA,021191029,42.32030665,-71.09721114916246,5,0
22ce8a43-9f01-3a7b-882b-9705c0b65308,b6717471-7f78-32c4-b1c5-e3a6310553d7,Tilda804 Roob72,F,GENERAL PRACTICE,15 RAILROAD AVE,TOPSFIELD,MA,01983,42.6375935,-70.9494966,115,0
a269b990-8ee5-3d1d-a26f-c9a98b571be8,2836d9ac-c6a6-39d1-8f13-fdf0fc8928f4,Alysha630 Koch169,F,GENERAL PRACTICE,365 EAST ST,TEWKSBURY,MA,018761950,42.6069472,-71.2180803,207,0
11fdd0f5-b572-31dc-96a1-a50da1b1026e,a2f8d8fe-665e-390f-8b9b-efdc0b14a77c,Pearlene638 Towne435,F,GENERAL PRACTICE,161 JACKSON ST,LOWELL,MA,018522103,42.6425382,-71.3093946,55,0
23b9009a-72ac-3c67-a1c9-ca69fd92d62c,a2e970fd-d145-3b38-ad04-14fc0c054c14,Rosanne862 Klocko335,F,GENERAL PRACTICE,89 NEWBURY STREET,DANVERS,MA,019231408,42.5649782,-70.97486650013562,18,0
36d32b09-8037-30e6-a96a-737c6fb33df4,b1cbaecc-a62b-3f8f-8791-e090f947a41c,Lizabeth515 Bergstrom287,F,GENERAL PRACTICE,150 BERKELEY STREET,LAWRENCE,MA,018411224,42.72074925,-71.16392537985021,38,0
55bb416c-c8a0-3389-b3e4-5817f0d04445,b5e6f1bd-c744-3556-9775-5ff8399eea33,Hedwig986 Wiza601,F,GENERAL PRACTICE,2284 MAIN ST,CONCORD,MA,017423829,42.44300895,-71.42458458423982,80,0
6a5d31a7-c760-331b-84a8-6fd12b5c0cde,83579123-f29c-39b8-9f5f-8f79e91683c7,Reggie481 Kassulke119,M,GENERAL PRACTICE,100 CENTURY DR,WORCESTER,MA,016061244,42.3138278,-71.7707002,30,0
a5057ae1-a3a4-33d6-bb30-244efc9a5f66,4fa8411f-42f8-3353-8947-bf15254c9dee,Lane844 Gutmann970,F,GENERAL PRACTICE,90 GREENWOOD STREET,WAKEFIELD,MA,018804039,42.476321150000004,-71.06922169005762,4,0
f899683e-ec5a-3b9d-b182-6a3da2d0ea87,df3f566c-97e5-31ed-b0fe-4b452666f736,Mckinley734 Rodriguez71,M,GENERAL PRACTICE,300 CHESTNUT ST,NEEDHAM,MA,024922477,42.27522125,-71.23743483674366,4,0
3ed29e4e-c42a-3948-94af-a373c48a3f46,f5ccbb53-e4a0-32e5-a693-02150497a8f4,Tyrone215 Huels583,M,GENERAL PRACTICE,100 HIGHLAND ST,MILTON,MA,021863881,42.250705749999995,-71.07724199194602,39,0
60ce9967-05b7-382c-bcb8-680744263e28,497f39dd-280e-3d58-af5b-c5e3a3a09b10,Arden380 Bergstrom287,M,GENERAL PRACTICE,27 PARK ST,HYANNIS,MA,026015230,41.65363635,-70.27352219234834,2775,0
2d721979-1a3f-3e38-a223-307338e890a9,5608c6ae-1f1d-368e-8172-aea4d9d2aefd,Jonathan639 Sporer811,M,GENERAL PRACTICE,12 KENT WAY STE 210,BYFIELD,MA,019221221,42.75468625,-70.9451078257969,1,0
a6225875-b027-31cd-828d-3ff988546957,a525d084-5a8f-3859-a048-2130a4092ec8,Linette249 Runte676,F,GENERAL PRACTICE,2 MOUNT ROYAL AVENUE  SUITE 350,MARLBOROUGH,MA,017521976,42.34042135,-71.57841367654626,2,0
bc4371a9-a321-3924-97cb-81be3a6a2e2a,83445caa-116b-3a1e-a75e-8104d321c4c3,Cythia210 Crona259,F,GENERAL PRACTICE,315 MAIN ST STE 101,NORTH READING,MA,018641326,42.596733799999996,-71.11988300141903,10,0
45b68013-84b2-3345-8c37-2a459f531e8d,390a2aa4-70b4-3a64-a12f-9bd777834c8d,Evangeline16 Howe413,F,GENERAL PRACTICE,710 MAIN STREET,HARWICH PORT,MA,026461931,41.669654699920855,-70.06169919459835,473,0
f0b81850-2673-32ef-b9fb-5c3cbe16f8b4,18a96051-91f4-3cba-af96-056ea14dfee0,Gaston250 Grimes165,M,GENERAL PRACTICE,25 HIGHLAND AVENUE,NEWBURYPORT,MA,019503872,42.81369325,-70.89091645747592,15,0
8e60f73f-f584-3ceb-b04e-fbac1576343b,a43fd704-ddbc-3f63-b3a0-e97c5d42ab5e,Booker670 Bogan287,M,GENERAL PRACTICE,447 HILL ST,WHITINSVILLE,MA,015881016,42.1216837,-71.6715608,1,0
57577268-b5bf-32d3-af5d-5849eb1c9428,41e2a44c-477c-3511-96f9-12c476aa3b6a,Latoyia537 Lindgren255,F,GENERAL PRACTICE,85 E NEWTON ST,BOSTON,MA,021183553,42.336277100000004,-71.07085295687423,40,0
e6e4216f-6fcf-3332-93c9-8d950412af36,6df069d9-5273-32df-bee8-b6a5a20c2ece,Tamala194 Fahey393,F,GENERAL PRACTICE,474 West Main Street,Hyannis,MA,02601,41.650307,-70.313515,113,0
586ed3b8-3974-3410-9eb2-d7b7d4f47856,5b0cd0a0-f277-3a66-bee6-d64b5be4a3f5,Waldo53 Hintz995,M,GENERAL PRACTICE,725 NORTH ST,PITTSFIELD,MA,012015493,42.4600752,-73.2492795834909,170,0
e4d30b1b-25df-3c98-8bb2-f568aff1e64f,79a06fd6-9f2b-35e3-9b11-0bc5ff89e17c,Lady554 Kovacek682,F,GENERAL PRACTICE,225 Boston Road  Suite 107,Lynn,MA,01904,42.470093,-70.95994,772,0
0f164732-8697-3a4f-b69b-473d4a98f558,9403b76f-087c-3198-ad40-cc92bb033771,Stephen891 Berge125,M,GENERAL PRACTICE,329 BOSTON POST RD UNIT A,SUDBURY,MA,017763061,42.3834278,-71.4161725,19,0
eeec1a0f-3182-3aad-8c21-556d9758c76b,60e897f9-7491-3610-81e5-d44b3d36b8c4,Aaron697 Strosin214,M,GENERAL PRACTICE,63 STATE RD,GREAT BARRINGTON,MA,012301224,42.20224745,-73.35469687339696,16,0
95fa92dd-3d0a-3d47-93ab-f15b7d9f3374,ad2dab07-4f85-3950-baaa-7c7cd2aa770c,Federico589 Kuhic920,M,GENERAL PRACTICE,55 LAKE AVENUE NORTH,WORCESTER,MA,016550002,42.2774799,-71.76166994969458,303,0
abb8a87a-fd5e-3f3d-b1d9-dc902cd06159,67d2f85b-ddc7-3ed0-b90b-6fa5b7b8358a,Norah104 Jenkins714,F,GENERAL PRACTICE,43 FOUNDRY AVE,WALTHAM,MA,024538313,42.37050535,-71.21908334877376,73,0
a7ad473e-295a-3d54-a53d-3dde3a464e7f,0d9b0d22-585e-3fd8-ab02-26b5be7915d1,Duane703 Koelpin146,M,GENERAL PRACTICE,516 CAREW ST,SPRINGFIELD,MA,011042330,42.12133575,-72.59217953646302,221,0
bf642da6-4d65-3b79-82fa-cb1891c4f4dc,d3335d07-2a2c-35d7-9b87-c022393b6793,Sofia418 Ulibarri312,F,GENERAL PRACTICE,137 NICHOLS STREET,NORWOOD,MA,020622009,42.1930792,-71.20868232395514,21,0
a56cc84c-8e6c-3572-b3dd-375fb8e6a344,0d1570ab-371c-3898-9397-95905d8c5166,Santina680 Dicki44,F,GENERAL PRACTICE,750 WASHINGTON ST,BOSTON,MA,021111552,42.3499038,-71.0631836,155,0
b66d7aa3-61c4-33af-901d-009cdb9d856b,1853aeef-5897-326a-80d6-aa4b0459eb6d,Jewel43 Kassulke119,M,GENERAL PRACTICE,381 WICKENDEN ST,ATTLEBORO,MA,027032247,41.9438129,-71.2806515,18,0
2575eb9a-1b9b-3c6a-9cf9-983cf165ae6a,f3030ee3-dfa5-3595-b684-9769e52a580a,Etsuko685 Torp761,F,GENERAL PRACTICE,88 MASONIC HOME ROAD  DAVENPORT BLDG  2ND FL,WEST SPRINGFIELD,MA,010891357,42.105237,-72.6213712,3,0
b7f1111d-a0de-38d0-908a-2ea7dadf27f7,01bb7b5c-f850-3c4e-a3f1-442d8273559a,Dennis979 Effertz744,F,GENERAL PRACTICE,395 PLEASANT ST,NORTHAMPTON,MA,010603914,42.3150543,-72.62555561349089,64,0
422cdf15-5984-32af-8734-a19e891578f2,2ca615f3-87f7-3283-a447-d919a883b676,Elizbeth263 Dickinson688,F,GENERAL PRACTICE,1399 WASHINGTON ST,HANOVER,MA,023391653,42.1441354,-70.8440854,3,0
a7c04823-9cc3-3bf4-acea-b33c5b2e9fd8,c0a33465-d309-3d2a-932e-9d554a7cc19c,Rosario163 Gamboa193,F,GENERAL PRACTICE,100 CENTURY DR,WORCESTER,MA,016061244,42.3138278,-71.7707002,37,0
c9ec13d9-a19c-3de7-ae16-33a3574b2340,65bd3883-56ee-3eea-8e86-b7e677a30727,Dan465 Block661,M,GENERAL PRACTICE,150 FLANDERS RD,WESTBOROUGH,MA,015811017,42.2770724,-71.5679154706427,1,0
bbe5a410-61f4-3d20-9882-23d0c59b13d5,51d38e67-9350-39b8-bbb3-91cc879ae415,Millie392 Hoppe518,F,GENERAL PRACTICE,335 NICHOLS ROAD,FITCHBURG,MA,014201932,42.598254850000004,-71.80841914533654,11,0
020d989b-c21b-3a86-b044-6db2f001b1d8,80646050-1c76-3046-bbc8-fd5f0b7c34e6,Mayola305 Hauck852,F,GENERAL PRACTICE,140 ARNHOW FARM ROAD,FITCHBURG,MA,014201369,42.5903661,-71.8119837,21,0
09de44f4-1c1f-39cf-94ba-acd53411fc9e,1b3fe590-8793-3f08-865d-01fc425a84d4,Mathilde204 Wintheiser220,F,GENERAL PRACTICE,1340 BOYLSTON ST,BOSTON,MA,022154302,42.34392675,-71.09888049065322,28,0
f9b16689-67c4-357f-800d-a7dfa2f496a3,0be0e035-8dad-387e-bbdd-a5a469c4311f,Tyler508 Howe413,M,GENERAL PRACTICE,480 MAPLE ST,DANVERS,MA,019234065,42.584178050000006,-70.97197467750539,200,0
dc5d235c-0d99-3df7-9c72-cbefa8f98771,3f12ebb4-e03c-3453-88d2-4fc9682383df,Erwin847 Stiedemann542,M,GENERAL PRACTICE,726 COUNTY ST,NORTH DARTMOUTH,MA,027473603,41.6389926,-70.9703171,85,0
148b2386-b8af-3591-add4-94f26b0a60c1,a9fc7aa5-d3b3-314d-9cf7-af29051d3dd9,Olevia458 Hermiston71,F,GENERAL PRACTICE,1193 SEA STREET,TAUNTON,MA,027803960,41.8946107,-71.11113,2,0
a24d7e45-a957-34b9-8027-baaebf379a7d,9c9d017c-0a4d-3e03-9802-4d310ea05c71,Isiah14 Schaefer657,M,GENERAL PRACTICE,70 FULTON ST,BOSTON,MA,021091402,42.362439499999994,-71.05377386223965,1,0
a8bf467a-89e9-3fdb-b51e-61852717aee2,8ec2ca51-abb4-35dd-b90f-6c6aad6d2124,Oda116 Conn188,F,GENERAL PRACTICE,22 JOHNSON STREET,PEABODY,MA,019602311,42.54644385,-70.99288129112277,98,0
9d35eaa6-ac29-393e-9f08-d9f4cd46cc2f,8af3b144-0e1a-3c90-937d-81a4ed026080,Guillermo498 Fay398,M,GENERAL PRACTICE,800 WASHINGTON STREET,NORWOOD,MA,020623489,42.1886973,-71.2005241,295,0
b964d1bf-340b-3b1b-a2e9-638428d859c6,b014aec7-7bd8-351f-8808-3e280cbc5be6,Sergio619 Volkman526,M,GENERAL PRACTICE,70 EAST ST,HAVERHILL,MA,018306700,42.7777829,-71.0767724,197,0
8d6261ba-e6e3-3b03-8be0-d79f193759c7,b3b56527-d366-3353-bca9-266a12f23051,Obdulia648 Schroeder447,F,GENERAL PRACTICE,60 QUAKER HIGHWAY,UXBRIDGE,MA,015691628,42.06100105,-71.62352848737622,18,0
4fc60dad-00e4-3fc8-8166-14853a60cc56,c5742266-625d-3824-9ed3-4b5c6bc3e296,Rod343 Goyette777,M,GENERAL PRACTICE,22 BRAMHALL ST,SCITUATE,MA,020664312,42.1939754,-70.7697128,21,0
bccd4c25-7364-30aa-9706-9e212aad508c,b242f971-3c74-3778-b148-81366c1e6a3f,Leland44 Bernier607,M,GENERAL PRACTICE,10 CAREMATRIX DR,DEDHAM,MA,020266149,42.2270762,-71.17237295563174,2,0
968aeaff-dcbe-3350-8637-b813c7b3110e,a8a4e435-687f-3ecb-9af8-09b4636d1a1a,Mari763 Skiles927,F,GENERAL PRACTICE,107 COMMERCIAL ST,MASHPEE,MA,026496507,41.60736455,-70.49065684933157,79,0
6cc4e924-ae88-35bc-886d-9d380f5b7de3,a1a024f0-95e2-3db4-a771-e2f17c5da162,Shella455 Schmidt332,F,GENERAL PRACTICE,18 NEWTON ST,BROCKTON,MA,023015115,42.0785392,-71.02602473630952,32,0
f02a3c74-47ac-3c9e-a930-c7588e12678e,aad05540-c9cb-3805-b3c4-f9b9d9b42b2e,Quentin28 Fritsch593,M,GENERAL PRACTICE,821 E MAIN ST STE 3,CHICOPEE,MA,010206306,42.155774795300516,-72.55672263289513,83,0
1710a052-e21e-3d6f-bbdc-35c57d69d011,2e73956a-942f-36f3-b88c-f88e782e578f,Elli820 Boyle917,F,GENERAL PRACTICE,790 TURNPIKE STREET  SUITE 202,NORTH ANDOVER,MA,018456138,42.661547049999996,-71.10774565195425,3,0
30320bcc-c08f-3df2-9a8d-05a798487554,2987ddf5-7ff2-3e4a-9e25-d654a10313fd,Ted955 O'Connell601,M,GENERAL PRACTICE,519 MAIN STREET,MEDFIELD,MA,020522522,42.186209649999995,-71.30745495273302,17,0
970a9d90-84d1-31f4-9ed1-87256629f6db,eea92149-820f-301f-911e-b170e8312842,Marcy588 Hamill307,F,GENERAL PRACTICE,123 SUMMER STREET,WORCESTER,MA,016102177,42.26496835,-71.79655403681465,29,0
f7a67872-27e9-3a85-b63c-01cf7c231b7a,83a08dcf-7ed6-3d2e-afc0-a72c05d2563c,Thaddeus38 Stiedemann542,M,GENERAL PRACTICE,755 MAIN ST,HAVERHILL,MA,018302166,42.797835,-71.0878121,50,0
641fd93f-0a9f-3bbd-b54a-3fc6d7011115,b826cbda-f69b-32d0-9e6e-edcb80f692bb,Jake169 Beahan375,M,GENERAL PRACTICE,169 VALENTINE ROAD,PITTSFIELD,MA,012013042,42.45821049070386,-73.27683573566691,7,0
fe99aa4a-a6ff-3568-8b09-ab7714c68449,25c85bcc-7e25-36bc-89e8-08e0d473db23,Sharron285 Okuneva707,F,GENERAL PRACTICE,138 S MAIN ST STE 14,MILFORD,MA,017573272,42.1270746,-71.51639128815474,51,0
8a84bff8-6a85-3a15-90ea-5c5e10c52b6f,c9aabcbd-d4e0-391f-8980-d0be6934ea82,Shonda871 Leffler128,F,GENERAL PRACTICE,340 PLEASANT ST,BROCKTON,MA,023013236,42.08764334999999,-71.03287346676532,25,0
0b37d3fd-df1a-3f25-a729-168e6259edb9,1cec4304-9757-3a10-ad4f-7e2090c56131,Theo630 Rohan584,M,GENERAL PRACTICE,55 LAKE AVE N,WORCESTER,MA,016550002,42.2774799,-71.76166994969458,112,0
b2277d98-79a9-364d-b594-3d2ffc5ac254,78cd7edb-2df6-34da-b463-5f9eb15cf862,Rusty501 Pacocha935,M,GENERAL PRACTICE,1 WEBLY ROAD,YARMOUTH PORT,MA,026752000,41.7020544,-70.249465,12,0
c1e3354b-12ba-3143-852c-66f59169b56b,a5577e5c-b886-37a0-8eee-8ff6feb7ea6b,Synthia172 Keebler762,F,GENERAL PRACTICE,330 MOUNT AUBURN ST,CAMBRIDGE,MA,021385502,42.3741033,-71.13417575971958,206,0
964ecde6-6fa6-358e-bea3-48ddfa6ebbba,ce9c1582-994d-32bf-835c-474a249d2804,Clifton91 Veum823,M,GENERAL PRACTICE,275 MARTINE STREET  SUITE 104,FALL RIVER,MA,027231500,41.68393816525316,-71.1220830626733,9,0
5797d2b2-215c-3517-9e0c-3a1596982d2b,9485907a-9f9c-3c19-a424-b402ee8f99c2,Tynisha348 Bogisich202,F,GENERAL PRACTICE,101 PLANTATION STREET,WORCESTER,MA,016043025,42.258026400000006,-71.78384882397785,1,0
5fee1ed3-d024-3735-add3-abbccb3ef9a2,e7722de2-0e62-3dc9-a163-a7003956673b,Weldon459 Lockman863,M,GENERAL PRACTICE,1 EDGEWATER DRIVE  SUITE 103,NORWOOD,MA,020624669,42.16153305,-71.20162617190071,35,0
e2fa3dba-0c1f-3d5b-9684-79a690d00467,966245ce-e84d-36b0-a838-2e0b5bb2e668,Refugio197 Crooks415,M,GENERAL PRACTICE,1425 BLUE HILL AVENUE,MATTAPAN,MA,021262122,42.2754929,-71.09384131587021,8,0
13eb73ce-da33-3e94-b109-df0dbb4060a7,2bde75a8-708f-3930-8d57-100ab365d413,Cedrick207 Gleason633,M,GENERAL PRACTICE,173 WORCESTER ST,WELLESLEY,MA,024815521,42.2964859,-71.2925571,67,0
84b01bf0-08a0-33ef-b9e8-420463e0b4cf,845fbd9b-2d1c-39a8-8261-28ae40e4fab2,Bennett146 Rippin620,M,GENERAL PRACTICE,14 PROSPECT STREET,UPTON,MA,015681431,42.1700209025178,-71.59409308099494,611,0
cfcd9542-5020-31b8-97a8-576065afa8f0,bac9dc0c-cb0f-3fa6-aa12-819dd0fb922a,Floy720 Greenfelder433,F,GENERAL PRACTICE,1493 CAMBRIDGE ST,SOMERVILLE,MA,021452935,42.3875968,-71.0994968,1,0
6b6c2ee1-6899-3b05-8396-a7de25b82cca,9ce6072b-d039-3cde-8eaf-950211b8ae88,Terrie907 Ratke343,F,GENERAL PRACTICE,147 S MAIN ST,MIDDLETON,MA,019492446,42.585787222720036,-71.00861442427218,202,0
f1989998-5f9f-3486-aeed-c720273ab298,d1d4d104-68cb-356b-9086-888de7d2826f,Ellyn26 Windler79,F,GENERAL PRACTICE,61 Lincoln Street  Suite 112,Framingham,MA,01702,42.28348,-71.41845,897,0
37f23a9e-28ef-3a5a-962f-ac64eea8e1ef,c762a0ef-bfba-3261-b90c-4059f7bcc87d,Jerrod232 Cormier289,M,GENERAL PRACTICE,160 MAIN STREET,WALPOLE,MA,020814037,42.168752850000004,-71.23027591232932,6,0
8b8165ef-fb5f-32c7-8f92-869280196368,a036cdf2-bbc5-3ffd-987f-56e437fd8b74,Lashanda692 Gutmann970,F,GENERAL PRACTICE,265 N MAIN ST,SOUTH YARMOUTH,MA,026642083,41.680980000000005,-70.18292625685085,64,0
96406f0c-d3ed-3dbe-a9a6-c39285bca0f5,03d7ee12-bdfe-3e48-9d29-757eb6f01ad0,Phuong301 Wisozk929,F,GENERAL PRACTICE,44 SUMMER ST,DANVERS,MA,019231574,42.57663745,-70.94996137026163,2,0
aac297a0-a70a-39a4-a4bc-87664bad2b89,ae3eab22-8868-37bb-9a59-2b8bfe14bf34,Minh326 Smitham825,M,GENERAL PRACTICE,2033 MAIN STREET,ATHOL,MA,01331,42.58522105,-72.20868129339888,11,0
c8b12124-fc45-3c0b-9240-d17348b24752,218e58e4-9642-3ebd-9b39-34d15f22c620,Jung484 Lowe577,F,GENERAL PRACTICE,977 MAIN ST,WALTHAM,MA,024517406,42.376452150000006,-71.25063779999999,43,0
a81ff189-d5f9-35c1-b66d-2b470803aad7,9a20d707-68e4-32c0-b2b2-2f5d5c2012cd,Lorinda137 Pouros728,F,GENERAL PRACTICE,131 CAMBRIDGE ST STE 1,BURLINGTON,MA,018033711,42.50284395,-71.19574553661971,30,0
fc6b1e91-0550-36db-a5e0-63a36358d586,8887c942-34a1-3087-a4b3-81dcd1bd9f36,Roderick835 Pollich983,M,GENERAL PRACTICE,1199 JOHN FITCH HWY,FITCHBURG,MA,014202026,42.59851915,-71.7934564896979,2,0
f659fab2-93b0-3139-bf44-b957ab718e1e,f90ef475-defe-363d-a926-573b38f804a2,Bea654 Schiller186,F,GENERAL PRACTICE,54 HOPEDALE ST,HOPKINTON,MA,017481672,42.2288875,-71.5196439,29,0
3275413c-62c9-37d1-930d-a922341399ac,a25107f7-f4f5-36fc-98e4-f3e1b5875c91,Yesenia104 Wilderman619,F,GENERAL PRACTICE,1285 BEACON ST,WOBURN,MA,018012157,42.4979478,-71.1684508,9,0
1e251e12-d5fd-3332-b9fe-f502763ffadf,43ee6bb5-8efa-3bfc-8ca8-1579a5267753,Kristopher775 Roob72,M,GENERAL PRACTICE,235 N PEARL ST,BROCKTON,MA,023011794,42.09805395,-71.0609587194362,4,0
027865c1-ccd0-31fd-a606-0dfc4a6c55f8,05fcf001-ab24-3d7d-85f7-f64942d82738,Leonarda398 Schumm995,F,GENERAL PRACTICE,250 POND STREET,FRAMINGHAM,MA,017014592,42.2838619,-71.4093719,116,0
614ac9f8-9f1d-3b41-b030-463341aaf7ad,8789c07e-d15d-378d-ba2b-d2b49ebb6db4,Monty345 Bosco882,M,GENERAL PRACTICE,800 WASHINGTON ST,WOBURN,MA,018011976,42.4946907,-71.1242899,35,0
17d807c2-a841-36f5-a777-f0ffb1eceff7,7e6db51f-7c1b-3555-9e1c-6269ba6d704d,Drew592 Streich926,M,GENERAL PRACTICE,120 STAFFORD STREET SUITE 206,WORCESTER,MA,016031461,42.239638,-71.8443785891577,4,0
29b689db-3616-327a-89bb-2614061a4350,e87cda4c-1ad8-3a9e-b55f-7bfe987610ce,Josephina269 Bechtelar572,F,GENERAL PRACTICE,326 NICHOLS RD,FITCHBURG,MA,014201914,42.5974358,-71.80761197366103,99,0
f52dd436-dc5e-34b6-a1a8-b0cf83b43886,e7b77e8f-b607-3273-aef9-ad1bca48813f,Ivonne773 Turcotte120,F,GENERAL PRACTICE,209 W CENTRAL ST STE 216,NATICK,MA,017603716,42.28202598359604,-71.3899479380402,52,0
46756301-4ac7-3ccf-aa5d-f6bd67e509f2,28d71598-85eb-3a0e-90c1-22e0be1af57c,Jodie811 Hermann103,F,GENERAL PRACTICE,38 MULBERRY ST STE 204,NORTHAMPTON,MA,010602832,42.35436315,-72.70256804599192,21,0
26aef87e-2f80-32c2-88fc-99fc99c828b9,e5d50afe-8c7d-35f5-96f5-fb8941403b0f,Amparo58 Hayes766,F,GENERAL PRACTICE,125 S CLARK ST STE 900,FALL RIVER,MA,02722,41.74223,-71.129706,120,0
76859f67-4e43-3d8f-808b-93864897e112,9adfae03-673d-365d-9052-f705098fa3e4,Sharilyn202 Wolff180,F,GENERAL PRACTICE,51 BLOSSOM ST,BOSTON,MA,021142699,42.36305545,-71.06643399281765,93,0
13839ec0-2f77-3e35-9948-0d9a87a537f3,25431f9a-00e4-36d8-9810-4125328eec50,Kati243 Ruecker817,F,GENERAL PRACTICE,55 FRUIT ST,WALTHAM,MA,02451,42.3756401,-71.2358004,8,0
45d4c8bb-aa6d-36f9-8531-db5700ca1f96,89171335-b9c0-3326-98d6-a837d432b9fd,Lorette239 Hauck852,F,GENERAL PRACTICE,150 FLANDERS ROAD,LYNN,MA,019042915,42.466763,-70.9494939,22,0
0e69e0e5-638d-342b-9370-60bdcf0475d2,01bde980-bf89-3138-8912-7360dff33247,Bradly656 Lang846,M,GENERAL PRACTICE,456 PARK AVE,WORCESTER,MA,016101254,42.25512735,-71.82580924803523,2,0
7bd95e03-f275-3859-978c-25a23e98afbf,217cb6f6-e822-3831-9d9d-ffa104971042,Luther918 Jakubowski832,M,GENERAL PRACTICE,2 REHABILITATION WAY,WOBURN,MA,018016003,42.46352265,-71.161925472006,37,0
066a6e4b-4fe8-399e-8cd2-da9bb5df2b8f,e2a8b444-9b8f-36ff-84c4-05ee98589482,Francisco472 Gusikowski974,F,GENERAL PRACTICE,8 SHIPWAY PL # C-8,CHARLESTOWN,MA,021294301,42.3778749,-71.0619957,130,0
1860da02-03fc-3098-a6d8-e7d83a60b02f,65dac97b-bb0c-38ae-94bc-bf29ac9687ea,Sebastian508 Rowe323,M,GENERAL PRACTICE,265 MAIN STREET,DALTON,MA,012261614,42.472932099999994,-73.17745071097283,4,0
0836784f-06fa-3550-ab62-3afb28621aac,121b0ad1-1beb-3caa-9271-3d3f726bb727,Kyoko885 Price929,F,GENERAL PRACTICE,1030 MAIN STREET,WALTHAM,MA,024517447,42.375828,-71.2527956,62,0
cb684bba-5024-348c-8e4d-82d24437b420,883f57b8-89c6-3dc4-b6da-047705c88623,Elvira561 Cervantes583,F,GENERAL PRACTICE,363 HIGHLAND AVE,FALL RIVER,MA,027203703,41.7093779,-71.1460783680883,155,0
4100e129-e8b0-31bf-9ef6-b13d0445884c,9ba25035-53e5-344b-9b9e-94331a58d1d4,Lucilla742 Schultz619,F,GENERAL PRACTICE,420 MAIN ST,WALPOLE,MA,020812553,42.161882199999994,-71.2388707178431,129,0
753d937e-7178-3e17-ad17-d428d1721fee,f3a64526-e8aa-36bb-ac9a-4a6b9fd7d0f6,Toby274 Corkery305,F,GENERAL PRACTICE,385 GROVE ST,WORCESTER,MA,016062726,42.286333299999995,-71.80745147942015,18,0
f09dd2ed-cc91-3814-85bf-05c7d4894867,f539dc91-4c3b-3c46-be61-7f10b6eb8471,Hugo693 Carter549,M,GENERAL PRACTICE,45 WOBURN ST,WALTHAM,MA,024527919,42.407845949999995,-71.21867165257288,1,0
ceefe653-9720-3a5a-9e69-d6b63bdb0110,f6ba791e-fe68-3596-bef4-60751db6a60e,Freeda113 Crooks415,F,GENERAL PRACTICE,37 BIRCH STREET,MILFORD,MA,017575501,42.1424349,-71.48943173357203,10,0
e71f0b1b-8b6c-31be-b85a-92a2ba7e8533,11a40a26-a5a3-331d-aef0-d06dd90e2b4e,Jacinta658 Wintheiser220,F,GENERAL PRACTICE,10 OSTERVILLE WEST BARNSTABLE RD,YARMOUTH PORT,MA,026752000,41.7020544,-70.249465,28,0
59ac57a1-a632-3898-a923-2fc592429af2,9f368e75-397f-3d77-a317-9a005512a4e2,Alta896 Pfannerstill264,F,GENERAL PRACTICE,381 PARK AVE,WORCESTER,MA,016101026,42.2583962,-71.82204240042036,27,0
2d990d00-0fbc-3621-b2bc-40fd750149e9,4d3ec6c2-f6aa-3d7b-adcc-e7107dac8530,Elsa29 Schultz619,F,GENERAL PRACTICE,14 MASONIC CIRCLE,AUBURN,MA,015011341,42.181923125,-71.86839612499999,9,0
3c8dcde9-cc16-3c99-8ad5-cd7e8feae559,485ae27b-c5ba-3fd0-9a16-c9eea20be185,Alejandro916 Kris249,M,GENERAL PRACTICE,275 MARTINE STREET  SUITE 202,FALL RIVER,MA,027231518,41.68393816525316,-71.1220830626733,4,0
ca117047-ff15-363d-a7b9-48b6f59706e7,19f958ef-57cf-33c1-b068-14b32a980813,Jordon466 Bruen238,M,GENERAL PRACTICE,155 BROADWAY RD,DRACUT,MA,018262754,42.67578279999999,-71.29320171860073,58,0
6679d6a1-9f00-3270-9bdb-24efbf8e67f0,47602b5b-f4aa-3c73-aa26-2268ccf7a83c,Kathie378 Fisher429,F,GENERAL PRACTICE,90 LINDALL STREET,DANVERS,MA,019232125,42.574712149999996,-70.94359556912616,14,0
311c28e0-5e0a-3f04-9e39-615ff813165d,6d16a8e3-3569-38ab-afac-a2f8c1125085,Miguelina323 Crona259,F,GENERAL PRACTICE,1010 WALTHAM STREET,LEXINGTON,MA,024218052,42.4139392,-71.22929265883278,16,0
2fe3c30e-ffe8-351c-a7d2-03e5e9cf77cc,76baa51d-0d0f-359d-a07b-7b999a43d42e,Lincoln623 Gibson10,M,GENERAL PRACTICE,101 STATION DR STE 240,WESTWOOD,MA,020902336,42.20728361922244,-71.15698168263435,13,0
b92c4493-bbfe-357e-95d0-d872bf697750,de2ceae4-ddad-3174-9a1b-f32ea37e53f8,Leoma634 Jaskolski867,F,GENERAL PRACTICE,107 LINCOLN STREET,WORCESTER,MA,016052431,42.276415099999994,-71.79469158738553,7,0
d1d4dd27-d5f9-3633-a15e-f5d09961f23b,c05d73d0-b348-32ce-9fe5-13a720950f37,Abraham100 McDermott739,M,GENERAL PRACTICE,45 DRUM HILL RD,CHELMSFORD,MA,018241503,42.6255635,-71.3615131,25,0
f3ac2091-3d84-3fa7-ab18-fc45ff8fa9cb,ac0fde88-b0ad-3388-a4a8-b8fc2a4f4af2,Bobbye345 Wuckert783,F,GENERAL PRACTICE,150 YORK STREET,STOUGHTON,MA,020729105,42.144646800000004,-71.09875876961266,112,0
278b1d2d-6790-372d-8c2d-3554ba5ab50c,0592d4e5-a0fb-3143-83cd-8e5a6b066a96,Anderson154 Lemke654,M,GENERAL PRACTICE,20 EAST ST,HANOVER,MA,023391638,42.1278249,-70.82664947485381,586,0
a54f66f6-a660-3b77-ba97-88be5aa2899d,ba07b31b-bf14-39b8-be95-4c5ca5062daa,Hermelinda327 Hyatt152,F,GENERAL PRACTICE,1575 CAMBRIDGE ST,CAMBRIDGE,MA,021384308,42.375209549999994,-71.10711344152975,12,0
693bfcd2-ae37-3fa9-b8df-aa16721e6982,6aae7a31-90df-3455-ad8d-81f8cf2d21e8,Houston994 Funk324,M,GENERAL PRACTICE,680 CENTRE ST,BROCKTON,MA,023023308,42.0872752,-70.9910738855076,196,0
bff1e364-235e-393e-84ef-ac939d5c676e,14036728-b721-3e4b-8755-8ee8ab6ed15e,Melodie819 Schmeler639,F,GENERAL PRACTICE,625 MOUNT AUBURN ST,CAMBRIDGE,MA,021384518,42.375351,-71.1468628,42,0
69cfb47f-bd62-3abf-a3b2-d9d3ad5cf5fe,104079d4-560e-3eb8-9a48-d495835a3997,Paris331 Schmeler639,M,GENERAL PRACTICE,68 CAMP ST,MASHPEE,MA,026493465,41.6484421,-70.4811383,78,0
